{
  "benchmark_name": "working_memory",
  "n_trials": 2,
  "success_rate": 0.0,
  "mean_score": 0.16666666666666666,
  "std_score": 0.16666666666666666,
  "mean_latency": 3.0994415283203125e-06,
  "error_count": 0,
  "total_time": 4.1961669921875e-05,
  "timestamp": 1771713513.7845562,
  "config": {
    "name": "working_memory",
    "difficulty": "medium",
    "n_trials": 100
  }
}